Metric,alpha,xmin,KS_statistic,GoF_p_value
Degree Centrality,4.145455634952407,6.0,0.08772367989100771,0.19973663255621027
In-degree Centrality,9.448467923226762,9.0,0.029665595786747656,1.8891348582061513
Out-degree Centrality,2.26090247194558,2.0,0.07500226546994698,0.0628100259844314
